sku,department,formula,predicted_ss,actual_ss,error,error_pct,lead_time,z_score,demand_std,data_points
508,Pharmacy,basic_kings_all_data,14.259280958514427,67,52.740719041485576,78.7174911066949,0.66,2.05,8.561932455984145,34
508,Pharmacy,basic_kings_2024_only,19.05723838057019,67,47.94276161942981,71.55636062601464,0.66,2.05,11.442848225429021,18
508,Pharmacy,basic_kings_2023_2025,14.259280958514427,67,52.740719041485576,78.7174911066949,0.66,2.05,8.561932455984145,34
508,Pharmacy,basic_kings_2024_2025,14.259280958514427,67,52.740719041485576,78.7174911066949,0.66,2.05,8.561932455984145,34
